<?xml version="1.0" encoding="UTF-8"?>
<project-private xmlns="http://www.netbeans.org/ns/project-private/1">
    <editor-bookmarks xmlns="http://www.netbeans.org/ns/editor-bookmarks/2" lastBookmarkId="0"/>
    <open-files xmlns="http://www.netbeans.org/ns/projectui-open-files/2">
        <group>
            <file>file:/C:/Users/Thang/Downloads/PRO1401_N3-main/PRO1401_N3-main/DuAn1_N3/src/view_contains/ViewSanPham.java</file>
            <file>file:/C:/Users/Thang/Downloads/PRO1401_N3-main/PRO1401_N3-main/DuAn1_N3/src/view_contains/ViewHoaDon.java</file>
            <file>file:/C:/Users/Thang/Downloads/PRO1401_N3-main/PRO1401_N3-main/DuAn1_N3/src/view_contains_thuoctinh/ViewSanPhamTT.java</file>
            <file>file:/C:/Users/Thang/Downloads/PRO1401_N3-main/PRO1401_N3-main/DuAn1_N3/src/view_contains_thuoctinh/ViewMauSac.java</file>
            <file>file:/C:/Users/Thang/Downloads/PRO1401_N3-main/PRO1401_N3-main/DuAn1_N3/src/view_contains/ViewHeThong.java</file>
            <file>file:/C:/Users/Thang/Downloads/PRO1401_N3-main/PRO1401_N3-main/DuAn1_N3/src/view_contains/ViewBanHang.java</file>
            <file>file:/C:/Users/Thang/Downloads/PRO1401_N3-main/PRO1401_N3-main/DuAn1_N3/src/view_contains/KhachHang.java</file>
            <file>file:/C:/Users/Thang/Downloads/PRO1401_N3-main/PRO1401_N3-main/DuAn1_N3/src/view_contains_thuoctinh/ViewLoaiSanPham.java</file>
            <file>file:/C:/Users/Thang/Downloads/PRO1401_N3-main/PRO1401_N3-main/DuAn1_N3/src/view_contains/ViewThongKe.java</file>
        </group>
    </open-files>
</project-private>
